EX_ELUN_00001	1	1,25	2	1,5		
EX_ELUN_00002	1	1,25	2	1,5	6	0,84
EX_ELUN_00003	1	1,25	2	1,5	5	0,84
EX_ELUN_00004	1	1,25	2	1,5	4	0,84
EX_ELUN_00005	1	1,25	2	1,5	3	0,84
EX_ELUN_00006	1	1	2	1,5		
EX_ELUN_00007	1	1	2	1,5	6	0,84
EX_ELUN_00008	1	1	2	1,5	5	0,84
EX_ELUN_00009	1	1	2	1,5	4	0,84
EX_ELUN_00010	1	1	2	1,5	3	0,84
EX_ELUN_00011	1	1,25	3	1,4		
EX_ELUN_00012	1	1,25	2	1,2	3	1,4
EX_ELUN_00013	1	1	3	1,4		
EX_ELUN_00014	1	1	2	1,2	3	1,4
EX_ELUN_00015	1	1,25	4	1,4		
EX_ELUN_00016	1	1,25	2	1,2	4	1,4
EX_ELUN_00017	1	1	4	1,4		
EX_ELUN_00018	1	1	2	1,2	4	1,4
EX_ELUN_00019	1	1,25	5	1,4		
EX_ELUN_00020	1	1,25	2	1,2	5	1,4
EX_ELUN_00021	1	1	5	1,4		
EX_ELUN_00022	1	1	2	1,2	5	1,4
EX_ELUN_00023	1	1,25	6	1,4		
EX_ELUN_00024	1	1,25	2	1,2	6	1,4
EX_ELUN_00025	1	1	6	1,4		
EX_ELUN_00026	1	1	2	1,2	6	1,4
EX_ELUN_00027	1	1,25				
EX_ELUN_00028	1	1				
EX_ELSR_00001	1	1	2	1		
EX_ELSR_00002	1	1	2	1	6	0,3
EX_ELSR_00003	1	1	2	1	5	0,3
EX_ELSR_00004	1	1	2	1	4	0,3
EX_ELSR_00005	1	1	2	1	3	0,3
EX_ELSR_00006	1	1	3	1		
EX_ELSR_00007	1	1	2	0,7	3	1
EX_ELSR_00008	1	1	4	1		
EX_ELSR_00009	1	1	2	0,7	4	1
EX_ELSR_00010	1	1	5	1		
EX_ELSR_00011	1	1	2	0,7	5	1
EX_ELSR_00012	1	1	6	1		
EX_ELSR_00013	1	1	2	0,7	6	1
EX_ELSR_00014	1	1				
EX_ELSF_00001	1	1	2	0,7		
EX_ELSF_00002	1	1	3	0,3		
EX_ELSF_00003	1	1	2	0,6	3	0,3
EX_ELSF_00004	1	1	4	0,3		
EX_ELSF_00005	1	1	2	0,6	4	0,3
EX_ELSF_00006	1	1	5	0,3		
EX_ELSF_00007	1	1	2	0,6	5	0,3
EX_ELSF_00008	1	1	6	0,3		
EX_ELSF_00009	1	1	2	0,6	6	0,3
EX_ELSF_00010	1	1				
EX_ELSQP_00001	1	1				
EX_ELSQP_00002	1	1	2	0,6		